Year,JerseyNum,Name,Position,Height,Weight,Major,Class,HomeTownHighSchool
2005,2,Stacy Johnson,D,5-5,,,So.,"San Diego, CA / La Jolla HS"
2005,3,Kelly Cochran,M,5-6,,,Jr.,"Westlake Village, CA / Westlake HS"
2005,4,Alise Malley,F,5-5,,,Jr.,"Carlsbad, CA / Carlsbad HS"
2005,5,Kelly Mayo,M,5-6,,,Fr.,"Oakland, CA / Bishop O'Dowd HS"
2005,6,Heather Sugg,M,5-10,,,Jr.,"Lake Forest, CA / El Toro HS"
2005,7,Natasha Belak-Berger,F,5-5,,,Fr.,"Thousand Oaks, CA / Thousand Oaks HS"
2005,8,Chelsey Campbell,M,5-6,,,So.,"San Diego, CA / Rancho Bernardo HS"
2005,9,Kathy Sepulveda,F,5-5,,,So.,"Brea, CA / Brea Olinda HS"
2005,10,Megan Dickey,M,5-4,,,Jr.,"Del Mar, CA / Torrey Pines HS"
2005,11,Kristina  De La Rosa,D,5-7,,,Sr.,"San Diego, CA / Rancho Bernardo HS"
2005,12,Lauren Segars,M,5-8,,,So.,"San Diego, CA / University City HS"
2005,13,Alie Avina,D,5-11,,,Jr.,"Somis, CA / Camarillo HS"
2005,14,Rachel Lindenfeld,M,5-5,,,So.,"La Jolla, CA / La Jolla HS"
2005,15,Ali Lai,M,5-3,,,So.,"Danville, CA / Monte Vista HS"
2005,16,Heather Szafraniec,M,5-4,,,Sr.,"Scripps Ranch, CA / Scripps Ranch HS"
2005,17,Amanda Esquivel,M,5-3,,,Fr.,"San Diego, CA / Preuss College Prep"
2005,18,Nicole Pepper,D,5-4,,,So.,"Rcho Santa Margarita, CA / Trabuco Hills HS"
2005,19,Caitlin Ryan,M,5-4,,,So.,"Chula Vista, CA / University HS"
2005,20,Laura Borenstein,M,5-5,,,Fr.,"La Jolla, CA / La Jolla HS"
2005,21,Sereena Warino,M,5-5,,,Jr.,"Aliso Viejo, CA / Aliso Niguel HS"
2005,RS,Lydia Arce,M,5-6,,,Fr.,"Albany, CA / Albany HS"
2005,RS,Caitlin Peluffo,M,5-7,,,Fr.,"San Bruno, CA / Capuchino HS"
2005,RS,Sheela Saninejad,M,5-4,,,Fr.,"Sunnyvale, CA / Homestead HS"
2005,01,Jessica McGovern,GK,5-7,,,Fr.,"Reseda, CA / Chaminade College Prep"
2006,2,Stacy Johnson,D,5-5,,,Jr.,"San Diego, CA / La Jolla HS"
2006,3,Kelly Cochran,M,5-6,,,Sr.,"Westlake Village, CA / Westlake HS"
2006,4,Alise Malley,F,5-5,,,Sr.,"Carlsbad, CA / Carlsbad HS"
2006,5,Kelly Mayo,M,5-6,,,So.,"Oakland, CA / Bishop O'Dowd HS"
2006,6,Heather Sugg,M,5-10,,,Sr.,"Lake Forest, CA / El Toro HS"
2006,7,Natasha Belak-Berger,F,5-5,,,So.,"Thousand Oaks, CA / Thousand Oaks HS"
2006,8,Chelsey Campbell,M,5-6,,,Jr.,"San Diego, CA / Rancho Bernardo HS"
2006,9,Kathy Sepulveda,F,5-5,,,Jr.,"Brea, CA / Brea Olinda HS"
2006,10,Megan Dickey,M,5-4,,,Sr.,"Del Mar, CA / Torrey Pines HS"
2006,11,Alexia Zatarain,M,5-5,,,Fr.,"Canyon Country, CA / Canyon HS"
2006,12,Lauren Segars,M,5-8,,,Jr.,"San Diego, CA / University City HS"
2006,13,Brittany Jensen,F,5-10,,,Jr.,"La Palma, CA / "
2006,14,Rachel Lindenfeld,M,5-5,,,Jr.,"La Jolla, CA / La Jolla HS"
2006,15,Ali Lai,M,5-3,,,Jr.,"Danville, CA / Monte Vista HS"
2006,17,Amanda Esquivel,M,5-3,,,So.,"San Diego, CA / Preuss College Prep"
2006,18,Nicole Pepper,D,5-4,,,Jr.,"Rcho Santa Margarita, CA / Trabuco Hills HS"
2006,19,Caitlin Ryan,M,5-4,,,Jr.,"Chula Vista, CA / University HS"
2006,20,Laura Borenstein,M,5-5,,,So.,"La Jolla, CA / La Jolla HS"
2006,01,Jessica McGovern,GK,5-7,,,So.,"Reseda, CA / Chaminade College Prep"
2007,2,Stacy Johnson,D,5-5,,,Sr.,"San Diego, CA / La Jolla HS"
2007,4,Alie Avina,D,5-11,,,Sr.,"Somis, CA / Camarillo HS"
2007,5,Kelly Mayo,M,5-6,,,Jr.,"Oakland, CA / Bishop O'Dowd HS"
2007,6,Remy Hitt,D,5-6,,,Fr.,"La Mesa, CA / Helix HS"
2007,7,Natasha Belak-Berger,F,5-5,,,Jr.,"Thousand Oaks, CA / Thousand Oaks HS"
2007,8,Chelsey Campbell,M,5-6,,,Sr.,"San Diego, CA / Rancho Bernardo HS"
2007,9,Kathy Sepulveda,F,5-5,,,Sr.,"Brea, CA / Brea Olinda HS"
2007,10,Lisa Bradley,M,5-5,,,Fr.,"Martinez, CA / Carondelet HS"
2007,11,Alexia Zatarain,M,5-5,,,So.,"Canyon Country, CA / Canyon HS"
2007,12,Lauren Segars,M,5-8,,,Sr.,"San Diego, CA / University City HS"
2007,13,Elisa Sahagun,M,5-8,,,Fr.,"Hacienda Heights, CA / Wilson HS"
2007,14,Rachel Lindenfeld,M,5-5,,,Sr.,"La Jolla, CA / La Jolla HS"
2007,15,Ali Lai,M,5-3,,,Sr.,"Danville, CA / Monte Vista HS"
2007,17,Amanda Esquivel,M,5-3,,,Jr.,"San Diego, CA / Preuss College Prep"
2007,18,Nicole Pepper,D,5-4,,,Sr.,"Rcho Santa Margarita, CA / Trabuco Hills HS"
2007,19,Caitlin Ryan,M,5-4,,,Sr.,"Chula Vista, CA / University HS"
2007,20,Laura Borenstein,M,5-5,,,Jr.,"La Jolla, CA / La Jolla HS"
2007,RS,Katie Kuykendall,D,5-4,,,Fr.,"Valencia, CA / William S. Hart HS"
2007,01,Jessica McGovern,GK,5-7,,,Jr.,"Reseda, CA / Chaminade College Prep"
2008,1,Kristin Armstrong,GK,5-8,,,Fr.,"Anaheim, CA / Canyon HS"
2008,2,Sarah McTigue,F,5-7,,,Fr.,"Bellflower, CA / Valley Christian HS"
2008,3,Lindsay Mills,M,5-2,,,Fr.,"Valencia, CA / William S. Hart HS"
2008,4,Katie Kuykendall,D,5-4,,,R-Fr.,"Valencia, CA / William S. Hart HS"
2008,5,Courtney Capobianco,M,5-5,,,Fr.,"Laguna Beach, CA / Laguna Beach HS"
2008,6,Remy Hitt,M,5-6,,,So.,"La Mesa, CA / Helix HS"
2008,7,Natasha Belak-Berger,F,5-5,,,Sr.,"Thousand Oaks, CA / Thousand Oaks HS"
2008,8,Jenelle Rotenberg,D,5-8,,,Fr.,"La Ca?ada, CA / La Ca?ada HS"
2008,9,Sara Spaventa,D,5-7,,,Fr.,"Santa Barbara, CA / San Marcos HS"
2008,10,Lisa Bradley,M,5-5,,,So.,"Martinez, CA / Carondelet HS"
2008,11,Alexia Zatarain,M,5-5,,,Jr.,"Canyon Country, CA / Canyon HS"
2008,12,Rachel Baugh,D,5-7,,,Fr.,"Newport Beach, CA / Newport Harbor HS"
2008,13,Elisa Sahagun,M,5-8,,,So.,"Hacienda Heights, CA / Wilson HS"
2008,14,Tanaya Pattnaik,M,5-4,,,Fr.,"Davis, CA / Davis Senior HS"
2008,15,Sara Bolton,D,5-6,,,Fr.,"Carlsbad, CA / Carlsbad HS"
2008,16,Shelby Wong,M,5-3,,,Fr.,"Danville, CA / Monte Vista HS"
2008,17,Amanda Esquivel,D,5-3,,,Sr.,"San Diego, CA / Preuss College Prep"
2008,18,Anne Wethe,M,5-5,,,Fr.,"Los Alamitos, CA / Los Alamitos HS"
2008,19,Alexa-Rae Navarro,F,5-6,,,Fr.,"Temecula, CA / Great Oak HS"
2008,20,Laura Borenstein,M,5-5,,,Sr.,"La Jolla, CA / La Jolla HS"
2008,22,Jillian Welch,M,5-6,,,Fr.,"Redondo Beach, CA / Redondon Union HS"
2008,0,Alex Krzyzosiak,GK,5-5,,,Fr.,"Berkeley, CA / Berkeley HS"
2008,01,Jessica McGovern,GK,5-7,,,Sr.,"Reseda, CA / Chaminade College Prep"
2009,01,Kristin Armstrong,GK,5-8,,,So.,"Anaheim, CA / Canyon HS"
2009,1,Kimberly Cushing,GK,5-8,,,Fr.,"Anaheim, CA / Villa Park HS"
2009,2,Sarah McTigue,F,5-7,,,So.,"Bellflower, CA / Valley Christian HS"
2009,3,Lindsay Mills,M,5-2,,,So.,"Valencia, CA / William S. Hart HS"
2009,4,Katie Kuykendall,D,5-4,,,So.,"Valencia, CA / William S. Hart HS"
2009,5,Tanaya Pattnaik,M,5-4,,,R-Fr.,"Davis, CA / Davis Senior HS"
2009,6,Remy Hitt,M,5-6,,,Jr.,"La Mesa, CA / Helix HS"
2009,7,Courtney Capobianco,F,5-5,,,So.,"Laguna Beach, CA / Laguna Beach HS"
2009,8,Hayley Johnson,D,5-7,,,Fr.,"Santa Rosa, CA / Maria Carrillo HS"
2009,9,Sara Spaventa,D,5-7,,,So.,"Santa Barbara, CA / San Marcos HS"
2009,10,Lisa Bradley,M,5-5,,,Jr.,"Martinez, CA / Carondelet HS"
2009,12,Sara Bolton,M,5-6,,,So.,"Carlsbad, CA / Carlsbad HS"
2009,13,Gabi Hernandez,M,5-10,,,Fr.,"Altadena, CA / Ramona Convent Secondary School"
2009,14,Ellie Nevarez,M,5-3,,,Fr.,"Poway, CA / Poway HS"
2009,15,Ellen Wilson,D,5-9,,,Fr.,"Santa Ana, CA / Mater Dei HS"
2009,16,Shelby Wong,M,5-3,,,So.,"Danville, CA / Monte Vista HS"
2009,17,Jessica Wi,M,5-1,,,Fr.,"Oakland, CA / Skyline HS"
2009,18,Anne Wethe,M,5-5,,,So.,"Los Alamitos, CA / Los Alamitos HS"
2009,19,Alexa-Rae Navarro,F,5-6,,,So.,"Temecula, CA / Great Oak HS"
2009,20,Alexa Enlow,M,5-6,,,Fr.,"Huntington Beach, CA / Edison HS"
2009,21,Danielle Dixon,M,5-8,,,Fr.,"Livermore, CA / Livermore HS"
2009,22,Alyssa Newcomer,F,5-3,,,Fr.,"Aliso Viejo, CA / Aliso Niguel HS"
2009,RS,Bri Levinson,M,5-7,,,Fr.,"Galt, CA / Elk Grove HS"
2009,RS,Ashley Travaglione,D,5-7,,,Fr.,"San Jose, CA / Evergreen Valley HS"
2009,RS,Rachel Uda,M,5-3,,,Fr.,"Sacramento, CA / C.K. McClatchy HS"
2010,01,Kristin Armstrong,GK,5-8,,,Jr.,"Anaheim, CA / Canyon HS"
2010,1,Sarah Garland,GK,5-8,,,Jr.,"San Diego, CA / "
2010,2,Sarah McTigue,F,5-7,,,Jr.,"Bellflower, CA / Valley Christian HS"
2010,3,Lindsay Mills,M,5-2,,,Jr.,"Valencia, CA / William S. Hart HS"
2010,4,Katie Kuykendall,D,5-4,,,Jr.,"Valencia, CA / William S. Hart HS"
2010,6,Mary McWalters,D,5-4,,,So.,"San Diego, CA / Westview HS"
2010,8,Rachel Leslie,M,5-6,,,Fr.,"Santee, CA / West Hills HS"
2010,9,Sara Spaventa,D,5-7,,,Jr.,"Santa Barbara, CA / San Marcos HS"
2010,10,Lisa Bradley,M,5-5,,,Sr.,"Martinez, CA / Carondelet HS"
2010,11,Courtney Capobianco,M,5-5,,,Jr.,"Laguna Beach, CA / Laguna Beach HS"
2010,12,Sara Bolton,M,5-6,,,Jr.,"Carlsbad, CA / Carlsbad HS"
2010,13,Gabi Hernandez,F,5-10,,,So.,"Altadena, CA / Ramona Convent Secondary School"
2010,14,Annette Ilg,F,5-10,,,Sr.,"Avon Lake, OH / Avon Lake HS"
2010,15,Ellen Wilson,D,5-9,,,So.,"Santa Ana, CA / Mater Dei HS"
2010,16,Shelby Wong,M,5-3,,,Jr.,"Danville, CA / Monte Vista HS"
2010,17,Jessica Wi,M,5-1,,,So.,"Oakland, CA / Skyline HS"
2010,18,Anne Wethe,M,5-5,,,Jr.,"Los Alamitos, CA / Los Alamitos HS"
2010,19,Hayley Johnson,D,5-7,,,So.,"Santa Rosa, CA / Maria Carrillo HS"
2010,20,Alexa Enlow,M,5-6,,,So.,"Huntington Beach, CA / Edison HS"
2010,21,Danielle Dixon,M,5-8,,,So.,"Livermore, CA / Livermore HS"
2010,22,Alyssa Newcomer,F,5-3,,,So.,"Aliso Viejo, CA / Aliso Niguel HS"
2010,23,Ellie Nevarez,M,5-3,,,So.,"Poway, CA / Poway HS"
2010,24,Alex Leary,F,5-8,,,Fr.,"Folsom, CA / Folsom HS"
2010,RS,Hannah Gjerde,M,5-8,,,Fr.,"Alta Loma, CA / Los Osos HS"
2010,RS,Heidi Hauser,M,5-6,,,Fr.,"Canyon Lake, CA / Temescal Canyon HS"
2010,RS,Izzy Pozurama,F,5-7,,,Fr.,"Lake Forest, CA / El Toro HS"
2010,RS,Laura Zellinger,D,5-6,,,Fr.,"Mission Viejo, CA / Capistrano Valley HS"
2011,01,Kristin Armstrong,GK,5-8,,,Sr.,"Anaheim, CA / Canyon HS"
2011,1,Sarah Garland,GK,5-8,,,Sr.,"San Diego, CA / "
2011,2,Sarah McTigue,F,5-7,,,Sr.,"Bellflower, CA / Valley Christian HS"
2011,3,Lindsay Mills,M,5-2,,,Sr.,"Valencia, CA / William S. Hart HS"
2011,4,Katie Kuykendall,D,5-4,,,Sr.,"Valencia, CA / William S. Hart HS"
2011,5,Cassie Callahan,M,5-5,,,Fr.,"Coronado, CA / Coronado HS"
2011,6,Mary McWalters,D,5-4,,,Jr.,"San Diego, CA / Westview HS"
2011,7,Laura Zellinger,D,5-6,,,Rs.,"Mission Viejo, CA / Capistrano Valley HS"
2011,8,Rachel Leslie,M,5-6,,,So.,"Santee, CA / West Hills HS"
2011,9,Sara Spaventa,D,5-7,,,Sr.,"Santa Barbara, CA / San Marcos HS"
2011,10,Izzy Pozurama,F,5-7,,,Rs.,"Lake Forest, CA / El Toro HS"
2011,11,Courtney Capobianco,M,5-5,,,Sr.,"Laguna Beach, CA / Laguna Beach HS"
2011,12,Britnee Chesney,M,5-7,,,Jr.,"Fallbrook, CA / Fallbrook HS"
2011,13,Gabi Hernandez,F,5-10,,,Jr.,"Altadena, CA / Ramona Convent Secondary School"
2011,14,Laura Gordon,F,5-6,,,Jr.,"Martinez, CA / Alhambra HS"
2011,15,Ellen Wilson,D,5-9,,,Jr.,"Santa Ana, CA / Mater Dei HS"
2011,16,Shelby Wong,M,5-3,,,Sr.,"Danville, CA / Monte Vista HS"
2011,17,Jessica Wi,M,5-1,,,Jr.,"Oakland, CA / Skyline HS"
2011,18,Anne Wethe,M,5-5,,,Sr.,"Los Alamitos, CA / Los Alamitos HS"
2011,19,Hayley Johnson,D,5-7,,,Jr.,"Santa Rosa, CA / Maria Carrillo HS"
2011,20,Alexa Enlow,M,5-6,,,Jr.,"Huntington Beach, CA / Edison HS"
2011,21,Danielle Dixon,M,5-8,,,Jr.,"Livermore, CA / Livermore HS"
2011,22,Morgan Jong,M,5-6,,,Fr.,"San Pedro, CA / Tracy HS"
2011,23,Kylie Hill,M,5-5,,,Fr.,"Livermore, CA / Granada HS"
2011,24,Taryn Bales,F,5-4,,,Jr.,"Irvine, CA / Woodbridge HS"
2011,,Kayla Albin,M,5-7,,,So.,"Irvine, CA / Woodbridge HS"
2011,,Christen Chalmers,M,5-9,,,Fr.,"Santa Rosa, CA / Montgomery HS"
2011,,Hannah Gjerde,M,5-8,,,Rs.,"Alta Loma, CA / Los Osos HS"
2011,,Brenna Isbell,M,5-4,,,Fr.,"Aliso Viejo, CA / Aliso Niguel"
2011,,Alex Leary,F,5-8,,,So.,"Folsom, CA / Folsom HS"
2011,,Ellie Nevarez,M,5-3,,,Jr.,"Poway, CA / Poway HS"
2011,,Casey Parisi,F,5-5,,,So.,"Santa Rosa, CA / Montgomery HS"
2011,,Michelle Yasutake,D,5-5,,,Fr.,"Pleasant Hill, CA / College Park HS"
2012,00,Robyn Bursch,GK,5-7,,,Fr.,"Pacific Grove, CA / Pacific Grove HS"
2012,01,Itzel Gonzalez,GK,5-6,,,Fr.,"Tijuana, Mexico / Artesia HS"
2012,1,Kelcie Brodsky,GK,5-8,,,Fr.,"Agoura Hills, CA / Agoura HS"
2012,2,Christen Chalmers,M,5-9,,,R-Fr.,"Santa Rosa, CA / Montgomery HS"
2012,3,Laura Gordon,F,5-6,,,Sr.,"Martinez, CA / Alhambra HS"
2012,4,Kiera Bocchino,F,5-7,,,Fr.,"Laguna Hills, CA / Laguna Hills HS"
2012,5,Cassie Callahan,M,5-6,,,So.,"Coronado, CA / Coronado HS"
2012,6,Mary McWalters,D,5-4,,,Sr.,"San Diego, CA / Westview HS"
2012,7,Laura Zellinger,D,5-6,,,So.,"Mission Viejo, CA / Capistrano Valley HS"
2012,8,Britnee Chesney,M,5-7,,,Sr.,"Fallbrook, CA / Fallbrook HS"
2012,9,Casey Parisi,F,5-5,,,So.,"Santa Rosa, CA / Montgomery HS"
2012,10,Izzy Pozurama,F,5-7,,,So.,"Lake Forest, CA / El Toro HS"
2012,11,Rachel Leslie,M,5-6,,,Jr.,"Santee, CA / West Hills HS"
2012,12,Maile Nilsson,M,5-6,,,Fr.,"San Diego, CA / The Preuss School UCSD"
2012,13,Gabi Hernandez,F,5-10,,,Sr.,"Altadena, CA / Ramona Convent Secondary School"
2012,14,Kylie Hill,M,5-5,,,So.,"Livermore, CA / Granada HS"
2012,15,Ellen Wilson,D,5-9,,,Sr.,"Santa Ana, CA / Mater Dei HS"
2012,16,Alex Leary,F,5-8,,,Jr.,"Folsom, CA / Folsom HS"
2012,17,Jessica Wi,M,5-1,,,Sr.,"Oakland, CA / Skyline HS"
2012,18,Melisa Tallis,M,5-2,,,Fr.,"Los Angeles, CA / Palisades Charter HS"
2012,19,Hayley Johnson,D,5-7,,,Sr.,"Santa Rosa, CA / Maria Carrillo HS"
2012,20,Alexa Enlow,M,5-6,,,Sr.,"Huntington Beach, CA / Edison HS"
2012,21,Danielle Dixon,M,5-8,,,Sr.,"Livermore, CA / Livermore HS"
2012,22,Ellie Nevarez,M,5-3,,,Sr.,"Poway, CA / Poway HS"
2012,24,Michelle Yasutake,D,5-5,,,R-Fr.,"Pleasant Hill, CA / College Park HS"
2012,,Gabby Ley,D,5-10,,,Fr.,"Cupertino, CA / Monta Vista HS"
2012,,Danielle Nguyen,D,5-2,,,Fr.,"Irvine, CA / Woodridge HS"
2013,0,Robyn Bursch,GK,5-7,,,Rs.,"Pacific Grove, CA / Pacific Grove HS"
2013,00,Sarah Vargas,GK,5-10,,,Fr.,"Healdsburg, CA / Healdsburg HS"
2013,01,Itzel Gonzalez,GK,5-6,,,So.,"Tijuana, Mexico / Artesia HS"
2013,1,Kelcie Brodsky,GK,5-8,,,So.,"Agoura Hills, CA / Agoura HS"
2013,2,Alexis Leon,D,5-8,,,Fr.,"San Clemente, CA / St. Margaret's Episcopal School"
2013,3,Colette Zepponi,M,5-3,,,Fr.,"Sebastopol, CA / Analy HS"
2013,4,Jamie Benedetto,F,5-9,,,Fr.,"Santa Barbara, CA / Dos Pueblos HS"
2013,5,Cassie Callahan,M,5-6,,,Jr.,"Coronado, CA / Coronado HS"
2013,6,Kristen Sampietro,D,5-4,,,Fr.,"Santa Rosa, CA / Maria Carrillo HS"
2013,7,Laura Zellinger,D,5-6,,,Jr.,"Mission Viejo, CA / Capistrano Valley HS"
2013,8,Kylee Southwell,D/M,5-5,,,Fr.,"Livermore, CA / Livermore HS"
2013,9,Casey Parisi,F,5-5,,,Jr.,"Santa Rosa, CA / Montgomery HS"
2013,10,Izzy Pozurama,F,5-7,,,Jr.,"Lake Forest, CA / El Toro HS"
2013,11,Rachel Leslie,M,5-7,,,Sr.,"Santee, CA / West Hills HS"
2013,12,Maile Nilsson,M,5-6,,,So.,"San Diego, CA / The Preuss School UCSD"
2013,13,Jessica Dang,M,5-5,,,Fr.,"Irvine, CA / Northwood HS"
2013,14,Kylie Hill,M,5-5,,,Jr.,"Livermore, CA / Granada HS"
2013,15,Linnea Wikander,M,5-10,,,Fr.,"Walnut Creek, CA / Las Lomas HS"
2013,17,Lyndsay Gehring,D/M,5-4,,,So.,"Petaluma, CA / Petaluma HS"
2013,18,Kiera Bocchino,M,5-7,,,R-Fr.,"Laguna Hills, CA / Laguna Hills HS"
2013,19,Marissa Scheid,F,5-8,,,Fr.,"Livermore, CA / Livermore HS"
2013,20,Maxia Espino,M,5-1,,,Fr.,"Chula Vista, CA / Hilltop HS"
2013,22,Kiley Leshin,M,5-6,,,Jr.,"Anaheim Hills, CA / Canyon HS"
2013,23,Devon Roncoroni,F,5-6,,,Fr.,"San Diego, CA / Bonita Vista HS"
2013,24,Michelle Yasutake,D,5-5,,,So.,"Pleasant Hill, CA / College Park HS"
2013,25,Nicole Heller,M,5-7,,,Fr.,"Pleasanton, CA / Foothill HS"
2013,,Shayda Haddad,D,5-4,,,Fr.,"San Ramon, CA / California HS"
2013,,Ashley Zhao,M,5-1,,,Fr.,"Mountain View, CA / Los Altos HS"
2014,00,Brigid Overton,GK,5-8,,,Fr.,"Irvine, CA / Northwood HS"
2014,01,Itzel Gonzalez,GK,5-6,,,Jr.,"Tijuana, Mexico / Artesia HS"
2014,1,Kelcie Brodsky,GK,5-8,,,Jr.,"Agoura Hills, CA / Agoura HS"
2014,2,Aimee Ellis,D/M,5-10,,,Fr.,"Ventura, CA / Foothill Technology HS"
2014,3,Makenzie Brito,M,5-9,,,Fr.,"Granite Bay, CA / Granite Bay HS"
2014,4,Jamie Benedetto,F,5-9,,,So.,"Santa Barbara, CA / Dos Pueblos HS"
2014,5,Cassie Callahan,M,5-6,,,Sr.,"Coronado, CA / Coronado HS"
2014,6,Kristen Sampietro,D,5-4,,,So.,"Santa Rosa, CA / Maria Carrillo HS"
2014,7,Jordyn McNutt,M,5-5,,,Fr.,"San Diego, CA / University City HS"
2014,8,Kylee Southwell,D/M,5-5,,,So.,"Livermore, CA / Livermore HS"
2014,9,Katie O'Laughlin,F,5-8,,,Fr.,"Carlsbad, CA / Pacific Ridge School"
2014,10,Izzy Pozurama,F,5-7,,,Sr.,"Lake Forest, CA / El Toro HS"
2014,11,Meghan Berry,M,5-7,,,R-So.,"Austin, TX / Mt. Carmel HS"
2014,12,Maile Nilsson,M,5-6,,,Jr.,"San Diego, CA / The Preuss School UCSD"
2014,13,Jessica Dang,M,5-5,,,So.,"Irvine, CA / Northwood HS"
2014,14,Kylie Hill,M,5-5,,,Sr.,"Livermore, CA / Granada HS"
2014,15,Linnea Wikander,M,5-10,,,So.,"Walnut Creek, CA / Las Lomas HS"
2014,16,Sophia Hyver,D/M,5-8,,,Fr.,"Santa Cruz, CA / Los Altos HS"
2014,17,Lyndsay Gehring,D/M,5-5,,,Jr.,"Petaluma, CA / Petaluma HS"
2014,18,Kiera Bocchino,F,5-7,,,R-So.,"Laguna Hills, CA / Laguna Hills HS"
2014,19,Marissa Scheid,F,5-9,,,So.,"Livermore, CA / Livermore HS"
2014,20,Maxia Espino,M,5-1,,,So.,"Chula Vista, CA / Hilltop HS"
2014,21,Anna Nilsson,M,5-8,,,Fr.,"San Diego, CA / The Preuss School UCSD"
2014,22,Kiley Leshin,M,5-6,,,Sr.,"Anaheim Hills, CA / Canyon HS"
2014,23,Devon Roncoroni,F,5-6,,,So.,"San Diego, CA / Bonita Vista HS"
2014,24,Michelle Yasutake,D,5-5,,,Jr.,"Pleasant Hill, CA / College Park HS"
2014,25,Taylor Ramos,M,5-1,,,Fr.,"San Diego, CA / Coronado HS"
2015,00,Brigid Overton,GK,5-8,,,R-Fr.,"Irvine, CA / Northwood HS"
2015,01,Itzel Gonzalez,GK,5-6,,,Sr.,"Tijuana, Mexico / Artesia HS"
2015,1,Kelcie Brodsky,GK,5-8,,,Sr.,"Agoura Hills, CA / Agoura HS"
2015,2,Louisa Alstot,D,5-3,,,Fr.,"Portland, OR / Grant HS"
2015,3,Makenzie Brito,M/D,5-9,,,So.,"Granite Bay, CA / Granite Bay HS"
2015,4,Jamie Benedetto,M/F,5-9,,,Jr.,"Santa Barbara, CA / Dos Pueblos HS"
2015,5,Aimee Ellis,D,5-10,,,So.,"Ventura, CA / Foothill Technology HS"
2015,6,Kristen Sampietro,D,5-4,,,Jr.,"Santa Rosa, CA / Maria Carrillo HS"
2015,7,Jordyn McNutt,M,5-5,,,So.,"San Diego, CA / University City HS"
2015,8,Mary Reilly,F,5-5,,,Fr.,"Chula Vista, CA / Hilltop HS"
2015,9,Katie O'Laughlin,F,5-8,,,So.,"Carlsbad, CA / Pacific Ridge School"
2015,10,Elisa Martinez,M,5-3,,,So.,"El Cajon, CA / Francis Parker School"
2015,11,Meghan Berry,D,5-7,,,R-Jr.,"Austin, TX / Mt. Carmel HS"
2015,12,Maile Nilsson,M,5-6,,,Sr.,"San Diego, CA / The Preuss School UCSD"
2015,13,Megumi Barber,F,5-2,,,Fr.,"San Diego, CA / Mt. Carmel HS"
2015,14,Maxia Espino,M/D,5-1,,,R-So.,"Chula Vista, CA / Hilltop HS"
2015,15,Kelsey Kimball,D,5-10,,,Fr.,"Thousand Oaks, CA / Westlake HS"
2015,16,Sophia Hyver,M,5-8,,,So.,"Santa Cruz, CA / Los Altos HS"
2015,17,Lyndsay Gehring,D/M,5-5,,,Sr.,"Petaluma, CA / Petaluma HS"
2015,18,Kiera Bocchino,M/F,5-7,,,R-Jr.,"Laguna Hills, CA / Laguna Hills HS"
2015,19,Summer Bales,M,5-4,,,Fr.,"Temecula, CA / Great Oak HS"
2015,20,Dani Nunn,M,5-6,,,Fr.,"Santa Rosa, CA / Maria Carrillo HS"
2015,21,Anna Nilsson,M,5-8,,,Jr.,"San Diego, CA / The Preuss School UCSD"
2015,22,Sydney Bennett,D,5-5,,,Fr.,"Orange, CA / Canyon HS"
2015,23,Brie Diaz,M,5-6,,,So.,"Temecula, CA / Great Oak HS"
2015,24,Avery Schulhofer,F,5-2,,,Fr.,"Saugus, CA / Saugus HS"
2015,25,Taylor Ramos,M,5-1,,,So.,"San Diego, CA / Coronado HS"
2015,27,Jade Kratochvil,F,5-5,,,Fr.,"Huntington Beach, CA / Ocean View HS"
2015,28,Makenna Gandara,F,5-2,,,Fr.,"Woodland Hills, CA / Sierra Canyon School"
2015,29,Katie Kissner,D,5-7,,,Fr.,"Burlingame, CA / Burlingame HS"
2015,,Kate White,GK,5-7,,,Jr.,"Camarillo, CA / Adolfo Camarillo HS"
2016,01,Angelica Ramos,GK,5-8,,,So.,"San Clemente, CA / JSerra Catholic HS"
2016,1,Itzel Gonzalez,GK,5-6,,,R-Sr.,"Tijuana, Mexico / Artesia HS"
2016,2,Lauren Plesse,M,5-4,,,Fr.,"Saratoga, CA / Saratoga HS"
2016,3,Makenzie Brito,D,5-9,,,Jr.,"Granite Bay, CA / Granite Bay HS"
2016,4,Jamie Benedetto,M,5-9,,,Sr.,"Santa Barbara, CA / Dos Pueblos HS"
2016,5,Aimee Ellis,D/M,5-10,,,Jr.,"Ventura, CA / Foothill Technology HS"
2016,6,Kristen Sampietro,M/D,5-4,,,Sr.,"Santa Rosa, CA / Maria Carrillo HS"
2016,7,Jordyn McNutt,M,5-5,,,Jr.,"San Diego, CA / University City HS"
2016,8,Mary Reilly,F,5-5,,,So.,"Chula Vista, CA / Hilltop HS"
2016,9,Katie O'Laughlin,F,5-8,,,Jr.,"Carlsbad, CA / Pacific Ridge School"
2016,10,Elisa Martinez,M,5-3,,,Jr.,"El Cajon, CA / Francis Parker School"
2016,11,Meghan Berry,D,5-7,,,R-Sr.,"Austin, TX / Mt. Carmel HS"
2016,12,Roni Merrill,M/F,5-10,,,Fr.,"Thousand Oaks, CA / Westlake HS"
2016,13,Megumi Barber,F,5-2,,,So.,"San Diego, CA / Mt. Carmel HS"
2016,14,Maxia Espino,M/D,5-1,,,R-Jr.,"Chula Vista, CA / Hilltop HS"
2016,15,Kelsey Kimball,D,5-10,,,So.,"Thousand Oaks, CA / Westlake HS"
2016,16,Natalie Saddic,M,5-6,,,R-Fr.,"San Diego, CA / Torrey Pines HS"
2016,17,Bianca Zavala,M,5-3,,,Fr.,"Irvine, CA / Northwood HS"
2016,18,Kiera Bocchino,M/F,5-7,,,R-Sr.,"Laguna Hills, CA / Laguna Hills HS"
2016,19,Summer Bales,M,5-4,,,So.,"Temecula, CA / Great Oak HS"
2016,20,Dani Nunn,M,5-6,,,So.,"Santa Rosa, CA / Maria Carrillo HS"
2016,23,Brie Diaz,M/D,5-6,,,Jr.,"Temecula, CA / Great Oak HS"
2016,25,Taylor Ramos,M,5-1,,,Jr.,"San Diego, CA / Coronado HS"
2016,,Samantha Clardy,D,5-8,,,Fr.,"Huntington Beach, CA / Marina HS"
2016,,Danielle Clark,F,5-5,,,Fr.,"Murrieta, CA / Murrieta Mesa HS"
2016,,Sydney Davey,D,5-3,,,Fr.,"La Jolla, CA / La Jolla HS"
2016,,Amanda Erickson,M,5-2,,,Fr.,"Huntington Beach, CA / Edison HS"
2016,,Isabella Ivy,F,5-6,,,Fr.,"Martinez, CA / Alhambra HS"
2016,,Georgia Lodge,M,5-6,,,Fr.,"Yorba Linda, CA / Yorba Linda HS"
2016,,Julie Pitney,D,5-7,,,Fr.,"Santa Barbara, CA / Santa Barbara HS"
2017,00,Katie Wilkes,GK,5-9,,,Fr.,"Pacific Palisades, CA / Palisades Charter HS"
2017,01,Angelica Ramos,GK,5-8,,,R-So.,"San Clemente, CA / JSerra Catholic HS"
2017,1,Kaylee Westmoreland,GK,5-8,,,Fr.,"Hemet, CA / Tahquitz HS"
2017,2,Lauren Plesse,M,5-4,,,So.,"Saratoga, CA / Saratoga HS"
2017,3,Makenzie Brito,D,5-9,,,Sr.,"Granite Bay, CA / Granite Bay HS"
2017,4,Delaney Whittet,M,5-5,,,Fr.,"Manhattan Beach, Calif. / Mira Costa HS"
2017,5,Aimee Ellis,D,5-10,,,Sr.,"Ventura, CA / Foothill Technology HS"
2017,6,Shannon Earley,M,5-7,,,Fr.,"San Carlos, CA / Notre Dame HS"
2017,7,Jordyn McNutt,M,5-5,,,Sr.,"San Diego, CA / University City HS"
2017,8,Mary Reilly,F,5-5,,,Jr.,"Chula Vista, CA / Hilltop HS"
2017,9,Katie O'Laughlin,F,5-8,,,Sr.,"Carlsbad, CA / Pacific Ridge School"
2017,10,Elisa Martinez,M,5-3,,,Sr.,"El Cajon, CA / Francis Parker School"
2017,11,Natalie Widmer,M,5-8,,,Fr.,"Santa Barbara, Calif. / San Marcos HS"
2017,12,Roni Merrill,M/F,5-10,,,So.,"Thousand Oaks, CA / Westlake HS"
2017,13,Megumi Barber,F,5-2,,,Jr.,"San Diego, CA / Mt. Carmel HS"
2017,14,Alexis Kirson,F,5-8,,,Fr.,"Las Vegas, NV / Green Valley HS"
2017,15,Kelsey Kimball,D,5-10,,,Jr.,"Thousand Oaks, CA / Westlake HS"
2017,16,Natalie Saddic,M,5-6,,,R-So.,"San Diego, CA / Torrey Pines HS"
2017,17,Caitlin McCarthy,M,5-4,,,Fr.,"Carlsbad, Calif. / Carlsbad HS"
2017,18,Maddy Samilo,F,5-3,,,Fr.,"Rancho Bernardo, Calif. / Rancho Bernardo HS"
2017,19,Summer Bales,M,5-4,,,Jr.,"Temecula, CA / Great Oak HS"
2017,20,Abby Ross,M/D,5-3,,,Fr.,"Long Beach, CA / Woodrow Wilson Classical HS"
2017,21,Georgia Lodge,M,5-6,,,R-Fr.,"Yorba Linda, CA / Yorba Linda HS"
2017,22,Amanda Erickson,M,5-2,,,R-Fr.,"Huntington Beach, CA / Edison HS"
2017,23,Brie Diaz,D,5-6,,,Sr.,"Temecula, CA / Great Oak HS"
2017,24,Georgina Herrera,M,5-2,,,Jr.,"San Ysidro, CA / San Ysidro HS"
2017,25,Taylor Ramos,M,5-1,,,Sr.,"San Diego, CA / Coronado HS"
2017,27,Michelle Baddour,M,5-8,,,Fr.,"San Diego, Calif. / University City HS"
2017,28,Sydney Davey,D,5-3,,,R-Fr.,"La Jolla, CA / La Jolla HS"
2018,00,Katie Wilkes,GK,5-9,,,So.,"Pacific Palisades, CA / Palisades Charter HS"
2018,01,Angelica Ramos,GK,5-8,,,R-Jr.,"San Clemente, CA / JSerra Catholic HS"
2018,1,Sophia Garrido,GK,5-8,,,Fr.,"Foothill Ranch, Calif. / Trabuco Hills HS"
2018,2,Marissa Lynch,M,5-9,,,Fr.,"Fountain Valley, CA / Fountain Valley HS"
2018,3,Marissa Ray,F,5-3,,,Fr.,"Camarillo, Calif. / Newbury Park HS"
2018,4,Delaney Whittet,D/M,5-5,,,So.,"Manhattan Beach, Calif. / Mira Costa HS"
2018,5,Ashlynn Kolarik,D/M,5-6,,,Fr.,"Newbury Park, Calif. / Newbury Park HS"
2018,6,Sophia Bruno,M,5-4,,,Fr.,"Los Alamitos, Calif. / Los Alamitos HS"
2018,7,Lucy Tang,M,5-5,,,Fr.,"Mountain View, Calif. / Mountain View HS"
2018,8,Mary Reilly,F,5-5,,,Sr.,"Chula Vista, CA / Hilltop HS"
2018,9,Mia Bonifazi,F,5-2,,,So.,"Highlands Ranch, Colo. / Mountain Vista HS"
2018,10,Michelle Baddour,M,5-8,,,So.,"San Diego, Calif. / University City HS"
2018,11,Natalie Widmer,D/M,5-8,,,So.,"Santa Barbara, Calif. / San Marcos HS"
2018,12,Roni Merrill,M/F,5-10,,,R-So.,"Thousand Oaks, CA / Westlake HS"
2018,13,Megumi Barber,F,5-2,,,Sr.,"San Diego, CA / Mt. Carmel HS"
2018,14,Alexis Kirson,F,5-8,,,So.,"Las Vegas, NV / Green Valley HS"
2018,15,Kelsey Kimball,D,5-10,,,R-Jr.,"Thousand Oaks, CA / Westlake HS"
2018,16,Natalie Saddic,M,5-6,,,R-Jr.,"San Diego, CA / Torrey Pines HS"
2018,17,Caitlin McCarthy,M,5-4,,,So.,"Carlsbad, Calif. / Carlsbad HS"
2018,18,Maddy Samilo,M/F,5-3,,,So.,"Rancho Bernardo, Calif. / Rancho Bernardo HS"
2018,19,Summer Bales,M,5-4,,,Sr.,"Temecula, CA / Great Oak HS"
2018,20,Christina Oddone,M,5-2,,,Fr.,"Carlsbad, Calif. / Carlsbad HS"
2018,21,Georgia Lodge,M,5-6,,,R-So.,"Yorba Linda, CA / Yorba Linda HS"
2018,22,Amanda Erickson,M,5-2,,,R-So.,"Huntington Beach, CA / Edison HS"
2018,23,Emily Killeen,M,5-3,,,Fr.,"Temecula, Calif. / Great Oak HS"
2018,24,Jessica Ruggieri,M,5-0,,,Fr.,"Irvine, Calif. / Beckman HS"
2018,25,Hana Law,D,5-4,,,Fr.,"San Jose, CA / Saint Francis HS"
2018,26,Eva Nadeau,M,5-1,,,Fr.,"Costa Mesa, CA / Newport Harbor HS"
2018,27,Ava McKenzie,F,5-11,,,Fr.,"Newport Beach, CA / Corona del Mar HS"
2018,28,Sydney Davey,D,5-3,,,R-So.,"La Jolla, CA / La Jolla HS"
2019,0,Grace Vlandis,GK,5-7,,Human Developmental Sciences,Fr.,"Napa, Calif. / Napa HS"
2019,00,Sophia Garrido,GK,5-8,,Communication,R-Fr.,"Foothill Ranch, Calif. / Trabuco Hills HS"
2019,1,Angelica Ramos,GK,5-8,,Cognitive Science,R-Sr.,"San Clemente, CA / JSerra Catholic HS"
2019,2,Katelyn Meyer,D/F,5-8,,Marine Biology,Fr.,"Campbell, Calif. / Archbishop Mitty HS"
2019,3,Marissa Ray,F,5-3,,Human Developmental Sciences,So.,"Camarillo, Calif. / Newbury Park HS"
2019,4,Delaney Whittet,D/M,5-5,,Communication,Jr.,"Manhattan Beach, Calif. / Mira Costa HS"
2019,5,Ashlynn Kolarik,D/M,5-6,,Human Biology,So.,"Newbury Park, Calif. / Newbury Park HS"
2019,6,Sophia Bruno,M,5-4,,International Studies,R-Fr.,"Los Alamitos, Calif. / Los Alamitos HS"
2019,7,Lucy Tang,M,5-5,,Neurobiology,So.,"Mountain View, Calif. / Mountain View HS"
2019,8,Emily Killeen,M,5-3,,Structural Engineering,So.,"Temecula, Calif. / Great Oak HS"
2019,9,Mia Bonifazi,F,5-2,,Psychology,Jr.,"Highlands Ranch, Colo. / Mountain Vista HS"
2019,10,Michelle Baddour,M,5-8,,Structural Engineering,Jr.,"San Diego, Calif. / University City HS"
2019,11,Natalie Widmer,D/M,5-8,,Human Developmental Sciences,Jr.,"Santa Barbara, Calif. / San Marcos HS"
2019,12,Jessica Ruggieri,M,5-0,,Human Biology,R-Fr.,"Irvine, Calif. / Beckman HS"
2019,13,Kate Hottinger,M/F,5-8,,International Business,Fr.,"Livermore, Calif. / Granada High School"
2019,14,Kameryn Hoban,M,5-7,,Human Developmental Sciences,R-So.,"Encinitas, Calif. / La Costa Canyon HS"
2019,15,Kelsey Kimball,D,5-10,,Political Science,R-Sr.,"Thousand Oaks, CA / Westlake HS"
2019,16,Natalie Saddic,M,5-6,,Biochemistry and Cell Biology,R-Sr.,"San Diego, CA / Torrey Pines HS"
2019,17,Caitlin McCarthy,M,5-4,,"Ecology, Behavior, Evolution",Jr.,"Carlsbad, Calif. / Carlsbad HS"
2019,18,Maddy Samilo,M/F,5-3,,Marine Biology,Jr.,"Rancho Bernardo, Calif. / Rancho Bernardo HS"
2019,19,Mika Celeste,M,5-5,,Communication and Psychology,Fr.,"Pasadena, Calif. / Flintridge Preparatory School"
2019,20,Christina Oddone,M,5-2,,Human Developmental Sciences,So.,"Carlsbad, Calif. / Carlsbad HS"
2019,21,Dani Satterwhite,D,5-10,,International Affairs,So.,"Temecula, Calif. / San Juan Hills HS"
2019,22,Amanda Erickson,M,5-2,,Sociology,R-Jr.,"Huntington Beach, CA / Edison HS"
2019,23,Lily Kenney,D,5-6,,Human Developmental Sciences,Fr.,"Agoura Hills, Calif. / Agoura HS"
2019,24,Erika Braun,D,5-5,,Human Developmental Sciences,Fr.,"Danville, Calif. / Monte Vista HS"
2019,25,Hana Law,D,5-4,,Human Developmental Sciences,So.,"San Jose, CA / Saint Francis HS"
2019,29,Kirsten Webb,M,5-3,,Microbiology,Fr.,"Loomis, Calif. / Del Oro HS"
2019,,Ava D'Arcangelo,M/D,5-5,,International Studies - International Business,Fr.,"Solana Beach, Calif. / Cathedral Catholic HS"
2020,0,Grace Vlandis,GK,5-7,,Human Developmental Sciences,So.,"Napa, Calif. / Napa HS"
2020,00,Sophia Garrido,GK,5-8,,Communication,R-So.,"Foothill Ranch, Calif. / Trabuco Hills HS"
2020,01,Grace Taylor,GK,5-8,,Human Biology,Fr.,"San Clemente, Calif. / San Juan Hills HS"
2020,1,Keara Fitzgerald,GK,5-11,,International Business,Fr.,"Ventura, Calif. / Foothill Technology HS"
2020,2,Katelyn Meyer,D/F,5-8,,Marine Biology,So.,"Campbell, Calif. / Archbishop Mitty HS"
2020,4,Delaney Whittet,D/M,5-5,,Communication,Sr.,"Manhattan Beach, Calif. / Mira Costa HS"
2020,5,Ashlynn Kolarik,D/M,5-6,,Human Biology,Jr.,"Newbury Park, Calif. / Newbury Park HS"
2020,6,Sophia Bruno,M,5-4,,International Studies,R-So.,"Los Alamitos, Calif. / Los Alamitos HS"
2020,7,Lucy Tang,M,5-5,,Neurobiology,Jr.,"Mountain View, Calif. / Mountain View HS"
2020,8,Emily Killeen,M,5-3,,Structural Engineering,Jr.,"Temecula, Calif. / Great Oak HS"
2020,9,Mia Bonifazi,F,5-2,,Psychology,Sr.,"Highlands Ranch, Colo. / Mountain Vista HS"
2020,10,Michelle Baddour,M,5-8,,Structural Engineering,Sr.,"San Diego, Calif. / University City HS"
2020,11,Natalie Widmer,D/M,5-8,,Human Developmental Sciences,Sr.,"Santa Barbara, Calif. / San Marcos HS"
2020,12,Ava D'Arcangelo,M/D,5-5,,International Studies - International Business,So.,"Solana Beach, Calif. / Cathedral Catholic HS"
2020,13,Kate Hottinger,M/F,5-8,,International Business,So.,"Livermore, Calif. / Granada High School"
2020,14,Kameryn Hoban,M,5-7,,Human Developmental Sciences,R-Jr.,"Encinitas, Calif. / La Costa Canyon HS"
2020,15,Lizzy Teran,F,5-7,,International Business,Fr.,"Carlsbad, Calif. / La Costa Canyon HS"
2020,16,Marli Bannai,D,5-6,,Cognitive Science,Fr.,"Granite Bay, Calif. / Granite Bay HS"
2020,17,Caitlin McCarthy,M,5-4,,"Ecology, Behavior, Evolution",Sr.,"Carlsbad, Calif. / Carlsbad HS"
2020,18,Maddy Samilo,M/F,5-3,,Marine Biology,Sr.,"Rancho Bernardo, Calif. / Rancho Bernardo HS"
2020,19,Mika Celeste,M,5-5,,Communication and Psychology,So.,"Pasadena, Calif. / Flintridge Preparatory School"
2020,20,Christina Oddone,M,5-2,,Human Developmental Sciences,Jr.,"Carlsbad, Calif. / Carlsbad HS"
2020,21,Dani Satterwhite,D,5-10,,International Affairs,Jr.,"Temecula, Calif. / San Juan Hills HS"
2020,22,Mackenzie May,D,5-8,,Computer Science,Fr.,"Georgetown, Texas / Georgetown HS"
2020,23,Lily Kenney,D,5-6,,Human Developmental Sciences,So.,"Agoura Hills, Calif. / Agoura HS"
2020,24,Erika Braun,D,5-5,,Human Developmental Sciences,So.,"Danville, Calif. / Monte Vista HS"
2020,25,Emily Knepler,F,5-7,,Sociology: Law and Society,Jr.,"San Marcos, Calif. / Cathedral Catholic HS"
2020,29,Kirsten Webb,M,5-3,,Microbiology,So.,"Loomis, Calif. / Del Oro HS"
2020,,Alyce Raumin,,-,,Public Health,Fr.,"San Clemente, Calif. / San Clemente HS"
2021,0,Grace Vlandis,GK,5-7,,Human Developmental Sciences,Jr.,"Napa, Calif. / Napa HS"
2021,01,Grace Taylor,GK,5-8,,Human Biology,So.,"San Clemente, Calif. / San Juan Hills HS"
2021,1,Keara Fitzgerald,GK,5-11,,International Business,So.,"Ventura, Calif. / Foothill Technology HS"
2021,2,Katelyn Meyer,D/F,5-8,,Marine Biology,Jr.,"Campbell, Calif. / Archbishop Mitty HS"
2021,3,Kennedy Carter,F,5-8,,Environmental Studies,So.,"Mission Viejo, Calif. / JSerra Catholic HS"
2021,4,Delaney Whittet,D/M,5-5,,Communication,Sr.,"Manhattan Beach, Calif. / Mira Costa HS"
2021,5,Ashlynn Kolarik,D/M,5-6,,Human Biology,Sr.,"Newbury Park, Calif. / Newbury Park HS"
2021,7,Lucy Tang,M,5-5,,Neurobiology,Sr.,"Mountain View, Calif. / Mountain View HS"
2021,8,Emily Killeen,M,5-3,,Structural Engineering,Sr.,"Temecula, Calif. / Great Oak HS"
2021,9,Sophia Bruno,M,5-4,,International Studies,Sr.,"Los Alamitos, Calif. / Los Alamitos HS"
2021,10,Michelle Baddour,M,5-8,,Structural Engineering,Gr.,"San Diego, Calif. / University City HS"
2021,11,Natalie Widmer,D/M,5-8,,Human Developmental Sciences,Sr.,"Santa Barbara, Calif. / San Marcos HS"
2021,12,Ava D'Arcangelo,M/D,5-5,,International Studies - International Business,Jr.,"Solana Beach, Calif. / Cathedral Catholic HS"
2021,13,Kate Hottinger,M/F,5-8,,International Business,Jr.,"Livermore, Calif. / Granada High School"
2021,14,Kameryn Hoban,M,5-7,,Human Developmental Sciences,R-Sr.,"Encinitas, Calif. / La Costa Canyon HS"
2021,15,Lizzy Teran,F,5-7,,International Business,So.,"Carlsbad, Calif. / La Costa Canyon HS"
2021,16,Marli Bannai,D,5-6,,Cognitive Science,So.,"Granite Bay, Calif. / Granite Bay HS"
2021,17,Caitlin McCarthy,M,5-4,,"Ecology, Behavior, Evolution",Sr.,"Carlsbad, Calif. / Carlsbad HS"
2021,18,Maddy Samilo,M/F,5-3,,Marine Biology,Gr.,"Rancho Bernardo, Calif. / Rancho Bernardo HS"
2021,19,Mika Celeste,M,5-5,,Communication and Psychology,Jr.,"Pasadena, Calif. / Flintridge Preparatory School"
2021,20,Christina Oddone,M,5-2,,Human Developmental Sciences,Sr.,"Carlsbad, Calif. / Carlsbad HS"
2021,21,Courtney Hilliard,M,5-6,,International Business,Fr.,"Carlsbad, Calif. / La Costa Canyon HS"
2021,22,Mackenzie May,D,5-8,,Computer Science,So.,"Georgetown, Texas / Georgetown HS"
2021,23,Raquel Kalpakoff,F,5-8,,Environmental Systems,Fr.,"San Luis Obispo, Calif. / San Luis Obispo HS"
2021,25,Emily Knepler,F,5-7,,Sociology: Law and Society,Jr.,"San Marcos, Calif. / Cathedral Catholic HS"
2021,26,Lucy Granger,D,5-7,,Cognitive Science,Fr.,"Huntington Beach, Calif. / Edison HS"
2021,28,Bella Sundberg,M,5-8,,Public Health,Fr.,"San Marcos, Calif. / San Marcos HS"
2022,0,Grace Vlandis,GK,5-7,,Human Developmental Sciences,Sr.,"Napa, Calif. / Napa HS"
2022,1,Keara Fitzgerald,GK,6-0,,International Business,Jr.,"Ventura, Calif. / Foothill Technology HS"
2022,2,Katelyn Meyer,D/F,5-8,,Marine Biology,Sr.,"Campbell, Calif. / Archbishop Mitty HS"
2022,3,Kennedy Carter,F,5-8,,Environmental Studies,Jr.,"Mission Viejo, Calif. / JSerra Catholic HS"
2022,4,Sarah Kowack,M,5-8,,Communication,Jr.,"San Diego, Calif. / Canyon Crest Academy"
2022,5,Ashlynn Kolarik,D/M,5-6,,Human Biology,Sr.,"Newbury Park, Calif. / Newbury Park HS"
2022,6,Camryn Borg,M,5-7,,Business Economics,So.,"Los Gatos, Calif. / Leigh HS"
2022,7,Lucy Tang,M,5-5,,Neurobiology,Sr.,"Mountain View, Calif. / Mountain View HS"
2022,8,Emily Killeen,M,5-3,,Structural Engineering,Gr.,"Temecula, Calif. / Great Oak HS"
2022,9,Sophia Bruno,M,5-5,,International Studies,Sr.,"Los Alamitos, Calif. / Los Alamitos HS"
2022,10,Lindsey Park,M,5-6,,Business Economics,Fr.,"Torrance, Calif. / West HS"
2022,11,Natalie Abel,F,5-6,,Cognitive Science,So.,"Rancho Mission Viejo, Calif. / JSerra Catholic HS"
2022,12,Ava D'Arcangelo,M/D,5-3,,International Studies - International Business,Sr.,"Solana Beach, Calif. / Cathedral Catholic HS"
2022,13,Kate Hottinger,M/F,5-8,,International Business,Sr.,"Livermore, Calif. / Granada High School"
2022,14,Talisa Lin,D,5-7,,Anthropology,Fr.,"Golden, Colo. / Lakewood HS"
2022,15,Lizzy Teran,F,5-7,,International Business,Jr.,"Carlsbad, Calif. / La Costa Canyon HS"
2022,17,Allie Luo,D,5-4,,Human Biology,Fr.,"San Diego, Calif. / Francis W. Parker School"
2022,18,Lauren Rocco,M/F,5-4,,Human Development,Fr.,"Libertyville, Ill. / Libertyville HS"
2022,19,Mika Celeste,M,5-5,,Communication and Psychology,Sr.,"Pasadena, Calif. / Flintridge Preparatory School"
2022,20,Christina Oddone,M,5-3,,Human Developmental Sciences,Sr.,"Carlsbad, Calif. / Carlsbad HS"
2022,21,Courtney Hilliard,M,5-6,,International Business,So.,"Carlsbad, Calif. / La Costa Canyon HS"
2022,22,Mackenzie May,D,5-8,,Computer Science,Jr.,"Georgetown, Texas / Georgetown HS"
2022,23,Raquel Kalpakoff,F,5-8,,Environmental Systems,So.,"San Luis Obispo, Calif. / San Luis Obispo HS"
2022,24,Caitlin Wilson,M,5-4,,Bioengineering,Fr.,"San Diego, Calif. / Point Loma HS"
2022,26,Lucy Granger,D,5-7,,Cognitive Science,So.,"Huntington Beach, Calif. / Edison HS"
2022,29,Corinne Wilson,M,5-5,,Bioengineering,Fr.,"San Diego, Calif. / Point Loma HS"
2023,0,Bella Barretto,GK,5-9,,Human Biology,Fr.,"Yorba Linda, Calif. / Rosary Academy"
2023,1,Keara Fitzgerald,GK,6-0,,International Business,Sr.,"Ventura, Calif. / Foothill Technology HS"
2023,2,Katelyn Meyer,D/F,5-8,,Marine Biology,Gr.,"Campbell, Calif. / Archbishop Mitty HS"
2023,3,Kennedy Carter,F,5-8,,Environmental Studies,Sr.,"Mission Viejo, Calif. / JSerra Catholic HS"
2023,4,Sarah Kowack,M,5-8,,Communication,Sr.,"San Diego, Calif. / Canyon Crest Academy"
2023,5,Ellie Trevino,M,5-5,,Undeclared,Fr.,"San Jose, Calif. / Cambrian Academy"
2023,6,Camryn Borg,M,5-7,,Business Economics,Sr.,"Los Gatos, Calif. / Leigh HS"
2023,7,Alexis Nguyen,M,5-4,,General Biology,Fr.,"Stevenson Ranch, Calif. / Hart HS"
2023,8,Emily Killeen,M,5-3,,Structural Engineering,Gr.,"Temecula, Calif. / Great Oak HS"
2023,9,Karize Madero,M,5-6,,Economics,Fr.,"Downey, Calif. / Mater Dei"
2023,10,Lindsey Park,M,5-6,,Business Economics,So.,"Torrance, Calif. / West HS"
2023,11,Natalie Abel,F,5-6,,Cognitive Science,Jr.,"Rancho Mission Viejo, Calif. / JSerra Catholic HS"
2023,13,Leilah Raad,D,5-3,,Cognitive Behavioral Neuroscience,Fr.,"Torrance, Calif. / Bishop Montgomery"
2023,14,Talisa Lin,D,5-8,,Anthropology,So.,"Golden, Colo. / Lakewood HS"
2023,15,Lizzy Teran,F,5-7,,International Business,Sr.,"Carlsbad, Calif. / La Costa Canyon HS"
2023,16,Ava Medrano,F,5-3,,Physical Sciences,Fr.,"Fresno, Calif. / Bullard HS"
2023,17,Allie Luo,D,5-4,,Human Biology,So.,"San Diego, Calif. / Francis W. Parker School"
2023,18,Lauren Rocco,M/F,5-4,,Human Development,So.,"Libertyville, Ill. / Libertyville HS"
2023,19,Emily Fitzgerald,F,5-7,,Human Biology,Fr.,"Oakland, Calif. / Piedmont HS"
2023,20,Lindsey Destefani,D,5-4,,Business Psychology,Fr.,"Ladera Ranch, Calif. / San Juan Hills HS"
2023,21,Courtney Hilliard,M,5-6,,International Business,Jr.,"Carlsbad, Calif. / La Costa Canyon HS"
2023,22,Mackenzie May,D,5-8,,Computer Science,Sr.,"Georgetown, Texas / Georgetown HS"
2023,23,Raquel Kalpakoff,F,5-8,,Environmental Systems,Jr.,"San Luis Obispo, Calif. / San Luis Obispo HS"
2023,24,Caitlin Wilson,M,5-4,,Bioengineering,So.,"San Diego, Calif. / Point Loma HS"
2023,25,Shima Dixon,M,5-4,,Public Health,Fr.,"Berkeley, Calif. / Berkeley HS"
2023,26,Lucy Granger,D,5-7,,Cognitive Science,Jr.,"Huntington Beach, Calif. / Edison HS"
2023,27,Audrey Reed,F,5-3,,Communication,Jr.,"Morgan Hill, Calif. / Live Oak HS"
2023,28,Andrea Guillen,F/D,5-7,,Undeclared,Fr.,"San Diego, Calif. / Gompers Prep"
2023,29,Corinne Wilson,M,5-5,,Bioengineering,So.,"San Diego, Calif. / Point Loma HS"
